,Accuracy Train,MCC Train,F1 Train,Accuracy Test,MCC Test,F1 Test
svm_rbf,0.8989637305699482,0.8755984984206217,0.8890115768477538,0.6494845360824743,0.5911742438183804,0.6277074726264326
rf,0.772020725388601,0.7190656613781233,0.7546658873442035,0.6391752577319587,0.5944682817603453,0.5904100120490074
stack,0.8601036269430051,0.8240042467663549,0.8455129147432691,0.6494845360824743,0.5824338835292404,0.6204962209813635
