,Accuracy Train,MCC Train,F1 Train,Accuracy Test,MCC Test,F1 Test
knn,0.6564814814814814,0.5906756302574118,0.649982545621022,0.6074074074074074,0.541660309915554,0.5920789343529457
svm_rbf,0.8527777777777777,0.8199948917341976,0.8504877963309362,0.7481481481481481,0.6926508759919827,0.7428626767346828
dt,0.637962962962963,0.5586826940147166,0.6441530174780297,0.4925925925925926,0.3825922767404386,0.5030635454381077
rf,0.5861111111111111,0.5197595992470184,0.5071346438890155,0.5259259259259259,0.45089461869142267,0.4478230575158091
stack,0.6953703703703704,0.6361464512888597,0.6676650620632291,0.6407407407407407,0.5688886473888294,0.6094562576042816
