,Accuracy Train,MCC Train,F1 Train,Accuracy Test,MCC Test,F1 Test
knn,0.6564814814814814,0.5906756302574118,0.649982545621022,0.6074074074074074,0.541660309915554,0.5920789343529457
svm_rbf,0.8527777777777777,0.8199778754989957,0.8502243121928369,0.7518518518518519,0.6968691642995507,0.7485866101349187
dt,0.637962962962963,0.5587674199368636,0.6440628991156667,0.4925925925925926,0.38287583114700335,0.5036732167774584
rf,0.5861111111111111,0.5197595992470184,0.5071346438890155,0.5259259259259259,0.45089461869142267,0.4478230575158091
stack,0.6935185185185185,0.6334318510701293,0.6663214694537362,0.6370370370370371,0.5646604049024716,0.6064144540578232
